"","treat.type","treatment.id","m","m.ci.2.5","m.ci.97.5","m.mle","maxLL","binoLL","poisLL","Rsqr","Rsqr.bino","Rsqr.pois","RMSE","RMSE.bino","RMSE.pois","AIC","BIC","AIC.bino","BIC.bino","AIC.pois","BIC.pois","N","Samples","Richness","Detect"
"1","NA","All",0.630000727940772,0.607433657831628,0.653550963632426,0.628668868784325,61316.3802832279,-3288.83717412024,-3288.53344268726,-2.83185431587299,-1.4463122678083,-1.44633253233624,0.661497360986449,0.528542078145966,0.528544267284628,122636.760566456,122654.796840894,-6573.67434824047,-6555.63807380267,-6573.06688537452,-6555.03061093672,12905,63,60970,7.74893452150329e-05
