"","treat.type","treatment.id","m","m.ci.2.5","m.ci.97.5","m.mle","maxLL","binoLL","poisLL","Rsqr","Rsqr.bino","Rsqr.pois","RMSE","RMSE.bino","RMSE.pois","AIC","BIC","AIC.bino","BIC.bino","AIC.pois","BIC.pois","N","Samples","Richness","Detect"
"1","NA","All",0.0303429893940902,0.0294566811470623,0.0312572663876749,0.0303478824283865,-10538.9056984228,315.576407984199,315.474009711522,0.226820492876573,-2.87861334529224,-2.87857316442602,0.147337865452446,0.329998868008375,0.329997158676517,-21073.8113968455,-21057.8838314289,635.152815968398,651.080381385038,634.948019423044,650.875584839684,52074,47,21243,1.92034412566732e-05
