"","treat.type","treatment.id","m","m.ci.2.5","m.ci.97.5","m.mle","maxLL","binoLL","poisLL","Rsqr","Rsqr.bino","Rsqr.pois","RMSE","RMSE.bino","RMSE.pois","AIC","BIC","AIC.bino","BIC.bino","AIC.pois","BIC.pois","N","Samples","Richness","Detect"
"1","NA","All",0.577490606166123,0.555847533344023,0.600212067045191,0.577491832064955,86892.4887789515,18793.7797087643,18793.964714494,-2.27672480998801,-1.45259303502426,-1.45260441098585,0.703911315934511,0.608990765857016,0.608992178208643,173788.977557903,173807.591155506,37591.5594175286,37610.1730151319,37591.9294289881,37610.5430265914,11201,126,81373,8.92777430586555e-05
