,Gene,Taxa
Distance,0.093961311,0.140360243
pH,0.187731958,0.120765311
Rainfall,0.175533716,0.175653654
Temperature,0.064352838,0.097393166
NH4,0.098611052,0.107340677
NO3,0.112280398,0.091184374
TN,0.092248163,0.094344682
TC,0.084818524,0.10576862
CN_ratio,0.090462328,0.067191072
