,Gene,Taxa
Distance,0.058828505,0.061325584
pH,0.071351972,0.179282193
Rainfall,0.056128407,0.044663159
Temperature,0.052582868,0.055467062
NH4.N,0.131645031,0.183735
NO3.N,0.2163828,0.114339227
TN,0.12639315,0.10069446
TC,0.112282594,0.109111787
CN_ratio,0.102033276,0.096601804
Plant_richness,0.072371397,0.054779722
