,Gene,Taxa
Distance,0.107737791,0.131017096
pH,0.11063678,0.254918466
Rainfall,0.10262627,0.088340377
Temperature,0.086982882,0.103163465
NH4.N,0.173341177,0.059416039
NO3.N,0.062949349,0.044297727
TN,0.100191722,0.073219901
TC,0.101915625,0.066535769
CN_ratio,0.059296783,0.06462393
Plant_richness,0.094321622,0.114467231
