"","treat.type","treatment.id","m","m.ci.2.5","m.ci.97.5","m.mle","maxLL","binoLL","poisLL","Rsqr","Rsqr.bino","Rsqr.pois","RMSE","RMSE.bino","RMSE.pois","AIC","BIC","AIC.bino","BIC.bino","AIC.pois","BIC.pois","N","Samples","Richness","Detect"
"1","NA","All",0.560606045895321,0.537779065745769,0.584687099485068,0.560593842171376,86696.3102543914,12839.0238044562,12839.170955476,-3.28058478927875,-2.33079055346788,-2.33080398256244,0.734677418753217,0.648065349861871,0.648066656296778,173396.620508783,173415.151026106,25682.0476089124,25700.5781262359,25682.341910952,25700.8724282754,9978,48,78062,0.000100220485067148
